Ref,Val,Package,PosX,PosY,Rot,Side
"C1","100nF","C_0805_2012Metric_Pad1.18x1.45mm_HandSolder",60.198000,-37.359500,-90.000000,bottom
"C2","100nF","C_0805_2012Metric_Pad1.18x1.45mm_HandSolder",58.674000,-4.826000,-90.000000,bottom
"C3","100nF","C_0805_2012Metric_Pad1.18x1.45mm_HandSolder",47.914000,-18.045000,90.000000,bottom
"C4","100nF","C_0805_2012Metric_Pad1.18x1.45mm_HandSolder",74.168000,-2.286000,180.000000,bottom
"C6","100nF","C_0805_2012Metric_Pad1.18x1.45mm_HandSolder",69.414000,-18.045000,90.000000,bottom
"C7","100nF","C_0805_2012Metric_Pad1.18x1.45mm_HandSolder",51.232000,-33.041500,90.000000,bottom
"C8","100nF","C_0805_2012Metric_Pad1.18x1.45mm_HandSolder",28.194000,-38.862000,90.000000,bottom
"C9","100nF","C_0805_2012Metric_Pad1.18x1.45mm_HandSolder",28.194000,-28.448000,-90.000000,bottom
"C11","100nF","C_0805_2012Metric_Pad1.18x1.45mm_HandSolder",60.706000,8.890000,-90.000000,bottom
"C12","100nF","C_0805_2012Metric_Pad1.18x1.45mm_HandSolder",68.834000,7.874000,0.000000,bottom
"D1","1N4148","D_SOD-123",69.150000,-39.880000,90.000000,bottom
"D2","1N4148","D_SOD-123",28.448000,-12.954000,-90.000000,bottom
"R1","10K","R_0805_2012Metric_Pad1.20x1.40mm_HandSolder",37.084000,-9.100000,-90.000000,bottom
"R2","10K","R_0805_2012Metric_Pad1.20x1.40mm_HandSolder",58.674000,-9.906000,90.000000,bottom
"R3","100K","R_0805_2012Metric_Pad1.20x1.40mm_HandSolder",28.448000,-18.796000,-90.000000,bottom
"R4","10K","R_0805_2012Metric_Pad1.20x1.40mm_HandSolder",34.290000,-34.036000,180.000000,bottom
"R5","10K","R_0805_2012Metric_Pad1.20x1.40mm_HandSolder",34.230000,-36.576000,180.000000,bottom
"R6","10K","R_0805_2012Metric_Pad1.20x1.40mm_HandSolder",34.230000,-39.116000,180.000000,bottom
"R7","10K","R_0805_2012Metric_Pad1.20x1.40mm_HandSolder",34.230000,-41.656000,180.000000,bottom
"R8","10K","R_0805_2012Metric_Pad1.20x1.40mm_HandSolder",51.232000,-38.100000,90.000000,bottom
"R9","10K","R_0805_2012Metric_Pad1.20x1.40mm_HandSolder",69.160000,-34.340000,90.000000,bottom
"R10","1K","R_0805_2012Metric_Pad1.20x1.40mm_HandSolder",22.500000,16.256000,180.000000,bottom
"R11","1K","R_0805_2012Metric_Pad1.20x1.40mm_HandSolder",22.352000,-12.700000,0.000000,bottom
"R12","1K","R_0805_2012Metric_Pad1.20x1.40mm_HandSolder",22.368000,-20.320000,180.000000,bottom
"U10","TXB0104DR","SOIC-14_3.9x8.7mm_P1.27mm",64.008000,2.097000,90.000000,bottom
"C10","100nF","C_0805_2012Metric_Pad1.18x1.45mm_HandSolder",60.430500,0.762000,0.000000,top
"CN1","ZX_CONNECTOR_SOLDER","ZX_EDGE_SOLDER",42.644000,-50.125000,0.000000,top
"D3","LPWR","LED_D3.0mm",14.144000,10.375000,180.000000,top
"D4","LROM1","LED_D3.0mm",39.144000,-3.625000,0.000000,top
"D5","LROM2","LED_D3.0mm",52.644000,-3.625000,0.000000,top
"J1","PIC_Prog","PinHeader_1x05_P2.54mm_Horizontal",73.144000,-31.125000,0.000000,top
"J5","Joystick","DSUB-9_Male_Horizontal_P2.77x2.84mm_EdgePinOffset4.94mm_Housed_MountingHolesOffset7.48mm",58.644000,12.375000,180.000000,top
"SW1","BUTTONR","SW_PUSH_6mm_H13mm",56.144000,6.875000,-90.000000,top
"SW2","BUTTONL","SW_PUSH_6mm_H13mm",42.644000,6.875000,-90.000000,top
"SW3","Joy_ON-OFF","SPDT_ON_OFF_Big",15.394000,-0.625000,-90.000000,top
"SW4","PAUSE","SPDT_ON_OFF_Big",15.394000,-33.125000,-90.000000,top
"SW5","ROMSEL","SPDT_ON_OFF_Big",15.394000,-16.625000,-90.000000,top
"U1","PIC16F1826","SOIC-18W_7.5x11.6mm_P1.27mm",60.144000,-36.625000,0.000000,top
"U2","39SF040","PLCC-32_THT-Socket",46.644000,-23.125000,180.000000,top
"U3","39SF040","PLCC-32_THT-Socket",68.144000,-23.125000,180.000000,top
"U4","74HCT32","SOIC-14_3.9x8.7mm_P1.27mm",22.144000,-31.625000,0.000000,top
"U5","74HCT32","SOIC-14_3.9x8.7mm_P1.27mm",22.144000,-43.625000,0.000000,top
"U6","74HCT240","SO-20_12.8x7.5mm_P1.27mm",43.144000,-38.625000,0.000000,top
"U7","Arduino_Nano","Arduino_Nano",25.644000,-23.625000,180.000000,top
"U9","microSD_Card","microSD_HC_Hirose_DM3AT-SF-PEJM5",72.144000,1.125000,90.000000,top
