Ref,Val,Package,PosX,PosY,Rot,Side
"C1","100nF","C_0805_2012Metric_Pad1.18x1.45mm_HandSolder",11.340000,6.540000,180.000000,bottom
"C2","100nF","C_0805_2012Metric_Pad1.18x1.45mm_HandSolder",59.644000,-41.562500,90.000000,bottom
"C3","100nF","C_0805_2012Metric_Pad1.18x1.45mm_HandSolder",27.200000,5.875000,90.000000,bottom
"C4","100nF","C_0805_2012Metric_Pad1.18x1.45mm_HandSolder",60.414000,-22.545000,90.000000,bottom
"C5","100nF","C_0805_2012Metric_Pad1.18x1.45mm_HandSolder",5.660000,-30.820000,0.000000,bottom
"C6","100nF","C_0805_2012Metric_Pad1.18x1.45mm_HandSolder",17.990000,-30.880000,0.000000,bottom
"C7","100nF","C_0805_2012Metric_Pad1.18x1.45mm_HandSolder",30.230000,-33.710000,90.000000,bottom
"C8","100nF","C_0805_2012Metric_Pad1.18x1.45mm_HandSolder",62.644000,-2.125000,-90.000000,bottom
"C9","100nF","C_0805_2012Metric_Pad1.18x1.45mm_HandSolder",57.644000,-2.125000,90.000000,bottom
"C10","100nF","C_0805_2012Metric_Pad1.18x1.45mm_HandSolder",76.690000,-4.080000,0.000000,bottom
"C11","100nF","C_0805_2012Metric_Pad1.18x1.45mm_HandSolder",54.210000,5.247500,-90.000000,bottom
"C12","100nF","C_0805_2012Metric_Pad1.18x1.45mm_HandSolder",62.610000,14.080000,-90.000000,bottom
"D1","1N4148","D_SOD-123",72.730000,-39.990000,90.000000,bottom
"D2","1N4148","D_SOD-123",3.230000,-18.430000,180.000000,bottom
"R1","10K","R_0805_2012Metric_Pad1.20x1.40mm_HandSolder",19.240000,15.820000,0.000000,bottom
"R2","10K","R_0805_2012Metric_Pad1.20x1.40mm_HandSolder",59.925000,-10.800000,180.000000,bottom
"R3","100K","R_0805_2012Metric_Pad1.20x1.40mm_HandSolder",-3.356000,-18.125000,90.000000,bottom
"R4","10K","R_0805_2012Metric_Pad1.20x1.40mm_HandSolder",29.630000,-43.880000,0.000000,bottom
"R5","10K","R_0805_2012Metric_Pad1.20x1.40mm_HandSolder",20.644000,-33.625000,0.000000,bottom
"R6","10K","R_0805_2012Metric_Pad1.20x1.40mm_HandSolder",20.644000,-36.225000,0.000000,bottom
"R7","10K","R_0805_2012Metric_Pad1.20x1.40mm_HandSolder",20.644000,-38.775000,0.000000,bottom
"R8","10K","R_0805_2012Metric_Pad1.20x1.40mm_HandSolder",20.644000,-41.325000,0.000000,bottom
"R9","10K","R_0805_2012Metric_Pad1.20x1.40mm_HandSolder",69.050000,-40.390000,-90.000000,bottom
"R10","680R","R_0805_2012Metric_Pad1.20x1.40mm_HandSolder",11.144000,-8.125000,0.000000,bottom
"R11","680R","R_0805_2012Metric_Pad1.20x1.40mm_HandSolder",46.400000,6.525000,180.000000,bottom
"R12","470R","R_0805_2012Metric_Pad1.20x1.40mm_HandSolder",46.300000,1.800000,180.000000,bottom
"R13","10K","R_0805_2012Metric_Pad1.20x1.40mm_HandSolder",46.200000,-2.875000,0.000000,bottom
"U9","mSD_Card","microSD_HC_Molex_104031-0811",74.644000,5.125000,90.000000,bottom
"U10","TXB0104DR","SOIC-14_3.9x8.7mm_P1.27mm",60.144000,6.000000,0.000000,bottom
"CN1","ZX_CONNECTOR_SOLDER","ZX_EDGE_SOLDER",42.644000,-50.125000,0.000000,top
"CN2","ZX_CONNECTOR_BACK","ZX_EDGE_BACK",45.144000,39.875000,0.000000,top
"D3","PWR_LED","LED_D3.0mm",10.144000,-2.125000,0.000000,top
"J1","PIC_Prog","PinHeader_1x05_P2.54mm_Horizontal",74.034000,-16.625000,0.000000,top
"J5","Joystick","DSUB-9_Male_Horizontal_P2.77x2.84mm_EdgePinOffset4.94mm_Housed_MountingHolesOffset7.48mm",2.644000,11.875000,-90.000000,top
"Q1","BC548","TO-92_Wide",39.644000,5.475000,-90.000000,top
"SW1","SW_PUSH","SW_PUSH_6mm_H13mm",13.644000,16.875000,-90.000000,top
"SW2","SW_PUSH","SW_PUSH_6mm_H13mm",44.644000,16.875000,-90.000000,top
"SW3","Joy_ON_OFF","SPDT_ON_OFF_Big",25.644000,27.375000,0.000000,top
"SW4","PAUSE","SPDT_ON_OFF_Big",63.644000,27.375000,0.000000,top
"SW5","ROMSEL","SPDT_ON_OFF_Big",44.644000,27.375000,0.000000,top
"U1","PIC16F1826","SOIC-18W_7.5x11.6mm_P1.27mm",59.644000,-41.625000,0.000000,top
"U2","39SF040","PLCC-32_THT-Socket",25.644000,0.875000,180.000000,top
"U3","39SF040","PLCC-32_THT-Socket",59.144000,-27.625000,180.000000,top
"U4","74HCT32","SOIC-14_3.9x8.7mm_P1.27mm",-0.356000,-36.125000,0.000000,top
"U5","74HCT32","SOIC-14_3.9x8.7mm_P1.27mm",11.644000,-36.125000,0.000000,top
"U6","SDCard","SD_Card",66.144000,4.875000,-90.000000,top
"U7","Arduino_Nano","Arduino_Nano",35.644000,-20.625000,-90.000000,top
"U8","74HCT240","SO-20_12.8x7.5mm_P1.27mm",29.144000,-38.125000,0.000000,top
