"Id";"Designator";"Footprint";"Quantity";"Designation";"Supplier and ref";
1;"SW2,SW1";"SW_PUSH_6mm_H13mm";2;"SW_PUSH";;;
2;"J5";"DSUB-9_Male_Horizontal_P2.77x2.84mm_EdgePinOffset4.94mm_Housed_MountingHolesOffset7.48mm";1;"Joystick";;;
3;"CN1";"ZX_EDGE_SOLDER";1;"ZX_CONNECTOR_SOLDER";;;
4;"U7";"Arduino_Nano";1;"Arduino_Nano";;;
5;"D3";"LED_D3.0mm";1;"PWR_LED";;;
6;"SW4";"SPDT_ON_OFF_Big";1;"PAUSE";;;
7;"U1";"SOIC-18W_7.5x11.6mm_P1.27mm";1;"PIC16F1826";;;
8;"U2,U3";"PLCC-32_THT-Socket";2;"39SF040";;;
9;"SW5";"SPDT_ON_OFF_Big";1;"ROMSEL";;;
10;"U4,U5";"SOIC-14_3.9x8.7mm_P1.27mm";2;"74HCT32";;;
11;"U8";"SO-20_12.8x7.5mm_P1.27mm";1;"74HCT240";;;
12;"SW3";"SPDT_ON_OFF_Big";1;"Joy_ON_OFF";;;
13;"U10";"SOIC-14_3.9x8.7mm_P1.27mm";1;"TXB0104DR";;;
14;"H1";"MountingHole_2.7mm_M2.5_DIN965_Pad";1;"HOLE1";;;
15;"H2";"MountingHole_2.7mm_M2.5_DIN965_Pad";1;"HOLE2";;;
16;"H3";"MountingHole_2.7mm_M2.5_DIN965_Pad";1;"HOLE3";;;
17;"H4";"MountingHole_2.7mm_M2.5_DIN965_Pad";1;"HOLE4";;;
18;"J1";"PinHeader_1x05_P2.54mm_Horizontal";1;"PIC_Prog";;;
19;"U9";"microSD_HC_Molex_104031-0811";1;"microSD_Card";;;
20;"C1,C2,C3,C6,C7,C8,C9,C10,C11,C5,C4";"C_0805_2012Metric_Pad1.18x1.45mm_HandSolder";11;"100nF";;;
21;"R9,R1,R2,R4,R5,R6,R7,R8";"R_0805_2012Metric_Pad1.20x1.40mm_HandSolder";8;"10K";;;
22;"D1,D2";"D_SOD-123";2;"1N4148";;;
23;"R10";"R_0805_2012Metric_Pad1.20x1.40mm_HandSolder";1;"680R";;;
24;"R3";"R_0805_2012Metric_Pad1.20x1.40mm_HandSolder";1;"100K";;;
