Ref,Val,Package,PosX,PosY,Rot,Side
"C1","100nF","C_0805_2012Metric_Pad1.18x1.45mm_HandSolder",32.914000,-6.045000,90.000000,bottom
"C2","100nF","C_0805_2012Metric_Pad1.18x1.45mm_HandSolder",54.864000,23.622000,180.000000,bottom
"C3","100nF","C_0805_2012Metric_Pad1.18x1.45mm_HandSolder",72.898000,-26.162000,0.000000,bottom
"C4","100nF","C_0805_2012Metric_Pad1.18x1.45mm_HandSolder",60.198000,-26.162000,0.000000,bottom
"C5","100nF","C_0805_2012Metric_Pad1.18x1.45mm_HandSolder",53.414000,-6.045000,90.000000,bottom
"C6","100nF","C_0805_2012Metric_Pad1.18x1.45mm_HandSolder",78.994000,-19.558000,90.000000,bottom
"C7","100nF","C_0805_2012Metric_Pad1.18x1.45mm_HandSolder",66.294000,5.842000,90.000000,bottom
"C8","100nF","C_0805_2012Metric_Pad1.18x1.45mm_HandSolder",51.816000,6.350000,180.000000,bottom
"C9","100nF","C_0805_2012Metric_Pad1.18x1.45mm_HandSolder",71.628000,4.826000,180.000000,bottom
"C10","100nF","C_0805_2012Metric_Pad1.18x1.45mm_HandSolder",65.532000,-10.160000,90.000000,bottom
"C11","100nF","C_0805_2012Metric_Pad1.18x1.45mm_HandSolder",67.818000,15.748000,90.000000,bottom
"D1","1N4148","D_SOD-123",41.402000,-30.226000,90.000000,bottom
"D2","1N4148","D_SOD-123",71.120000,-20.700000,90.000000,bottom
"R1","10K","R_0805_2012Metric_Pad1.20x1.40mm_HandSolder",22.352000,2.032000,0.000000,bottom
"R2","10K","R_0805_2012Metric_Pad1.20x1.40mm_HandSolder",44.450000,6.604000,0.000000,bottom
"R3","100K","R_0805_2012Metric_Pad1.20x1.40mm_HandSolder",41.402000,-24.638000,90.000000,bottom
"R4","10K","R_0805_2012Metric_Pad1.20x1.40mm_HandSolder",34.798000,14.986000,-90.000000,bottom
"R5","10K","R_0805_2012Metric_Pad1.20x1.40mm_HandSolder",71.120000,-15.240000,90.000000,bottom
"R6","10K","R_0805_2012Metric_Pad1.20x1.40mm_HandSolder",33.274000,9.906000,-90.000000,bottom
"R7","10K","R_0805_2012Metric_Pad1.20x1.40mm_HandSolder",33.274000,20.066000,90.000000,bottom
"R8","10K","R_0805_2012Metric_Pad1.20x1.40mm_HandSolder",36.322000,20.066000,90.000000,bottom
"R9","10K","R_0805_2012Metric_Pad1.20x1.40mm_HandSolder",36.322000,9.906000,-90.000000,bottom
"R10","680R","R_0805_2012Metric_Pad1.20x1.40mm_HandSolder",13.208000,-11.430000,0.000000,bottom
"R11","1K","R_0805_2012Metric_Pad1.20x1.40mm_HandSolder",61.722000,3.810000,180.000000,bottom
"R12","1K","R_0805_2012Metric_Pad1.20x1.40mm_HandSolder",22.352000,5.334000,180.000000,bottom
"U3","74HCT32","SOIC-14_3.9x8.7mm_P1.27mm",74.644000,-33.125000,180.000000,bottom
"U4","74HCT32","SOIC-14_3.9x8.7mm_P1.27mm",61.644000,-33.125000,180.000000,bottom
"U6","TXB0104DR","SOIC-14_3.9x8.7mm_P1.27mm",68.144000,-2.125000,180.000000,bottom
"U7","74HCT240","SOIC-20W_7.5x12.8mm_P1.27mm",45.644000,14.875000,-90.000000,bottom
"CN1","ZX_CONNECTOR_SOLDER","ZX_EDGE_SOLDER",42.644000,-45.125000,0.000000,top
"CN2","ZX_CONNECTOR_BACK","ZX_EDGE_BACK",45.144000,39.875000,0.000000,top
"D3","PWR_LED","LED_D3.0mm",17.144000,-13.125000,0.000000,top
"D4","LROM2","LED_D3.0mm",56.644000,8.375000,0.000000,top
"D5","LROM1","LED_D3.0mm",25.644000,8.375000,0.000000,top
"J1","PIC_Prog","PinHeader_1x05_P2.54mm_Horizontal",74.644000,1.375000,0.000000,top
"J2","Joystick","DSUB-9_Male_Horizontal_P2.77x2.84mm_EdgePinOffset4.94mm_Housed_MountingHolesOffset7.48mm",18.144000,12.375000,-90.000000,top
"SW1","BUTTONR","SW_PUSH_6mm_H13mm",60.144000,19.875000,-90.000000,top
"SW2","ROMSEL","SPDT_ON_OFF_Big",45.144000,29.375000,0.000000,top
"SW3","BUTTONL","SW_PUSH_6mm_H13mm",29.144000,19.875000,-90.000000,top
"SW4","Joy_ON_OFF","SPDT_ON_OFF_Big",25.644000,29.375000,0.000000,top
"SW5","PAUSE","SPDT_ON_OFF_Big",64.644000,29.375000,0.000000,top
"U1","39SF040","PLCC-32_THT-Socket",31.644000,-11.125000,180.000000,top
"U2","PIC16F1826","SOIC-18W_7.5x11.6mm_P1.27mm",71.144000,-19.625000,0.000000,top
"U5","39SF040","PLCC-32_THT-Socket",52.144000,-11.125000,180.000000,top
"U8","Arduino_Nano","Arduino_Nano",53.644000,-28.125000,-90.000000,top
"U9","mSD_Card","microSD_HC_Hirose_DM3AT-SF-PEJM5",72.127000,15.169000,90.000000,top
