Ref,Val,Package,PosX,PosY,Rot,Side
"C1","100nF","C_0805_2012Metric_Pad1.15x1.40mm_HandSolder",-60.260000,-37.640000,270.000000,bottom
"C2","100nF","C_0805_2012Metric_Pad1.15x1.40mm_HandSolder",-40.560000,-4.125000,180.000000,bottom
"C3","100nF","C_0805_2012Metric_Pad1.15x1.40mm_HandSolder",-47.020000,-17.940000,90.000000,bottom
"C6","100nF","C_0805_2012Metric_Pad1.15x1.40mm_HandSolder",-68.510000,-17.910000,90.000000,bottom
"C7","100nF","C_0805_2012Metric_Pad1.15x1.40mm_HandSolder",-45.400000,-32.930000,90.000000,bottom
"C8","100nF","C_0805_2012Metric_Pad1.15x1.40mm_HandSolder",-31.680000,-25.910000,180.000000,bottom
"C9","100nF","C_0805_2012Metric_Pad1.15x1.40mm_HandSolder",-22.180000,-25.900000,180.000000,bottom
"C10","100nF","C_0805_2012Metric_Pad1.15x1.40mm_HandSolder",-60.770000,7.740000,180.000000,bottom
"C11","100nF","C_0805_2012Metric_Pad1.15x1.40mm_HandSolder",-64.080000,-5.070000,0.000000,bottom
"C12","100nF","C_0805_2012Metric_Pad1.15x1.40mm_HandSolder",-59.130000,-5.040000,180.000000,bottom
"D1","1N4148","D_SOD-123",-69.150000,-39.880000,90.000000,bottom
"D2","1N4148","D_SOD-123",-24.530000,-9.080000,0.000000,bottom
"R1","10K","R_0805_2012Metric_Pad1.15x1.40mm_HandSolder",-37.220000,-9.100000,270.000000,bottom
"R2","10K","R_0805_2012Metric_Pad1.15x1.40mm_HandSolder",-58.780000,-9.070000,270.000000,bottom
"R3","100K","R_0805_2012Metric_Pad1.15x1.40mm_HandSolder",-24.500000,-12.490000,180.000000,bottom
"R4","10K","R_0805_2012Metric_Pad1.15x1.40mm_HandSolder",-44.570000,-45.270000,0.000000,bottom
"R5","10K","R_0805_2012Metric_Pad1.15x1.40mm_HandSolder",-35.044000,-33.180000,0.000000,bottom
"R6","10K","R_0805_2012Metric_Pad1.15x1.40mm_HandSolder",-35.044000,-35.730000,0.000000,bottom
"R7","10K","R_0805_2012Metric_Pad1.15x1.40mm_HandSolder",-35.044000,-38.250000,0.000000,bottom
"R8","10K","R_0805_2012Metric_Pad1.15x1.40mm_HandSolder",-35.044000,-40.790000,0.000000,bottom
"R9","10K","R_0805_2012Metric_Pad1.15x1.40mm_HandSolder",-69.160000,-34.340000,90.000000,bottom
"R10","680R","R_0805_2012Metric_Pad1.15x1.40mm_HandSolder",-22.500000,10.400000,180.000000,bottom
"U1","PIC16F1826","SOIC-18W_7.5x11.6mm_P1.27mm",60.144000,-36.625000,0.000000,top
"U4","74HCT32","SOIC-14_3.9x8.7mm_P1.27mm",20.644000,-32.625000,0.000000,top
"U5","74HCT32","SOIC-14_3.9x8.7mm_P1.27mm",30.144000,-32.625000,0.000000,top
"U8","74HCT240","SO-20_12.8x7.5mm_P1.27mm",44.144000,-37.625000,0.000000,top
"U9","microSD_Card","microSD_HC_Molex_104031-0811",74.644000,0.875000,270.000000,top
"U10","TXB0104DR","SOIC-14_3.9x8.7mm_P1.27mm",62.644000,1.875000,180.000000,top
