"Id";"Designator";"Package";"Quantity";"Designation";"Supplier and ref";
1;"U4,U3";"PLCC-32_THT-Socket";2;"39SF040_PLCC32";;;
2;"U1";"SOIC-18W_7.5x11.6mm_P1.27mm";1;"PIC16F1826";;;
3;"SW5";"SPDT_ON_OFF_Big";1;"ROMSEL";;;
4;"R11,R3,R1";"R_1206_3216Metric_Pad1.42x1.75mm_HandSolder";3;"10K";;;
5;"C6,C5,C4,C3,C2,C1";"C_1206_3216Metric_Pad1.42x1.75mm_HandSolder";6;"100nF";;;
6;"U6";"SD_Kyocera_145638109511859+";1;"SD_Card";;;
7;"SW3";"SW_DIP_SPSTx02_Piano_10.8x6.64mm_W7.62mm_P2.54mm";1;"ARDPROG_JOY";;;
8;"D3";"LED_D3.0mm";1;"PWR_LED";;;
9;"U2";"DIP-24_W7.62mm_Socket_LongPads";1;"GAL22V10D";;;
10;"SW4";"SPDT_ON_OFF_Big";1;"PAUSE";;;
11;"R4";"R_1206_3216Metric_Pad1.42x1.75mm_HandSolder";1;"680R";;;
12;"R2";"R_1206_3216Metric_Pad1.42x1.75mm_HandSolder";1;"100K";;;
13;"D2,D1";"D_SOD-123";2;"1N4148";;;
14;"CN2";"ZX_EDGE_BACK";1;"ZX_CONNECTOR_BACK";;;
15;"U5";"Arduino_Nano";1;"Arduino_Nano";;;
16;"R10,R9,R8";"R_1206_3216Metric_Pad1.42x1.75mm_HandSolder";3;"3K3";;;
17;"R7,R6,R5";"R_1206_3216Metric_Pad1.42x1.75mm_HandSolder";3;"1K8";;;
18;"CN1";"ZX_EDGE_SOLDER";1;"ZX_CONNECTOR_SOLDER";;;
19;"HOLE1,HOLE3,HOLE4,HOLE2";"MountingHole_3.5mm_Pad_Via";4;"MountingHole_3.5mm_Pad_Via";;;
20;"J5";"DSUB-9_Male_Horizontal_P2.77x2.84mm_EdgePinOffset4.94mm_Housed_MountingHolesOffset7.48mm";1;"Joystick";;;
21;"SW2,SW1";"SW_PUSH_6mm_H13mm";2;"SW_PUSH";;;
