Ref,Val,Package,PosX,PosY,Rot,Side
"C1","100nF","C_0805_2012Metric_Pad1.18x1.45mm_HandSolder",25.914000,8.455000,90.000000,bottom
"C2","100nF","C_0805_2012Metric_Pad1.18x1.45mm_HandSolder",60.198000,-42.439500,90.000000,bottom
"C3","100nF","C_0805_2012Metric_Pad1.18x1.45mm_HandSolder",0.000000,-29.464000,0.000000,bottom
"C4","100nF","C_0805_2012Metric_Pad1.18x1.45mm_HandSolder",11.684000,-29.210000,0.000000,bottom
"C5","100nF","C_0805_2012Metric_Pad1.18x1.45mm_HandSolder",58.914000,-20.545000,90.000000,bottom
"C6","100nF","C_0805_2012Metric_Pad1.18x1.45mm_HandSolder",67.818000,-40.132000,90.000000,bottom
"C7","100nF","C_0805_2012Metric_Pad1.18x1.45mm_HandSolder",55.118000,16.510000,90.000000,bottom
"C8","100nF","C_0805_2012Metric_Pad1.18x1.45mm_HandSolder",55.118000,-0.762000,90.000000,bottom
"C9","100nF","C_0805_2012Metric_Pad1.18x1.45mm_HandSolder",26.924000,-30.226000,-90.000000,bottom
"C11","100nF","C_0805_2012Metric_Pad1.18x1.45mm_HandSolder",67.056000,9.398000,-90.000000,bottom
"C12","100nF","C_0805_2012Metric_Pad1.18x1.45mm_HandSolder",60.198000,16.510000,-90.000000,bottom
"D1","1N4148","D_SOD-123",21.590000,-21.844000,180.000000,bottom
"D2","1N4148","D_SOD-123",73.406000,-27.812000,-90.000000,bottom
"R1","10K","R_0805_2012Metric_Pad1.20x1.40mm_HandSolder",14.732000,20.828000,0.000000,bottom
"R2","10K","R_0805_2012Metric_Pad1.20x1.40mm_HandSolder",50.546000,-10.414000,90.000000,bottom
"R3","100K","R_0805_2012Metric_Pad1.20x1.40mm_HandSolder",20.828000,-18.034000,0.000000,bottom
"R4","10K","R_0805_2012Metric_Pad1.20x1.40mm_HandSolder",29.972000,-14.224000,180.000000,bottom
"R5","10K","R_0805_2012Metric_Pad1.20x1.40mm_HandSolder",76.708000,-28.448000,90.000000,bottom
"R6","10K","R_0805_2012Metric_Pad1.20x1.40mm_HandSolder",17.526000,-34.798000,180.000000,bottom
"R7","10K","R_0805_2012Metric_Pad1.20x1.40mm_HandSolder",17.526000,-37.338000,180.000000,bottom
"R8","10K","R_0805_2012Metric_Pad1.20x1.40mm_HandSolder",17.526000,-40.132000,180.000000,bottom
"R9","10K","R_0805_2012Metric_Pad1.20x1.40mm_HandSolder",26.924000,-35.814000,-90.000000,bottom
"R13","1K","R_0805_2012Metric_Pad1.20x1.40mm_HandSolder",10.160000,7.112000,0.000000,bottom
"U6","TXB0104DR","SOIC-14_3.9x8.7mm_P1.27mm",57.644000,7.875000,180.000000,bottom
"CN1","ZX_CONNECTOR_SOLDER","ZX_EDGE_SOLDER",42.644000,-50.125000,0.000000,top
"CN2","ZX_CONNECTOR_BACK","ZX_EDGE_BACK",45.144000,39.875000,0.000000,top
"D3","LPWR","LED_D3.0mm",8.644000,2.875000,0.000000,top
"J1","PIC_Prog","PinHeader_1x05_P2.54mm_Horizontal",74.144000,-9.125000,0.000000,top
"J2","Joystick","DSUB-9_Male_Horizontal_P2.77x2.84mm_EdgePinOffset4.94mm_Housed_MountingHolesOffset7.48mm",1.062000,13.251000,-90.000000,top
"SW1","RBUTTON","SW_PUSH_6mm_H13mm",50.644000,16.875000,-90.000000,top
"SW2","ROMSEL","SPDT_ON_OFF_Big",25.644000,27.375000,0.000000,top
"SW3","LBUTTON","SW_PUSH_6mm_H13mm",13.644000,16.875000,-90.000000,top
"SW4","Joy_ON_OFF","SPDT_ON_OFF_Big",63.644000,27.375000,0.000000,top
"SW5","PAUSE","SPDT_ON_OFF_Big",44.644000,27.375000,0.000000,top
"U1","39SF040","PLCC-32_THT-Socket",24.644000,3.375000,180.000000,top
"U2","PIC16F1826","SOIC-18W_7.5x11.6mm_P1.27mm",59.644000,-41.125000,0.000000,top
"U3","74HCT32","SOIC-14_3.9x8.7mm_P1.27mm",8.382000,-36.068000,0.000000,top
"U4","74HCT32","SOIC-14_3.9x8.7mm_P1.27mm",-3.356000,-36.125000,0.000000,top
"U5","39SF040","PLCC-32_THT-Socket",57.644000,-25.625000,180.000000,top
"U8","Arduino_Nano","Arduino_Nano",35.644000,-18.625000,-90.000000,top
"U10","mSD_Card","microSD_HC_Hirose_DM3AT-SF-PEJM5",72.144000,8.875000,90.000000,top
"U11","74HCT240","SOIC-20W_7.5x12.8mm_P1.27mm",26.644000,-36.625000,0.000000,top
