Ref,Val,Package,PosX,PosY,Rot,Side
"C1","100nF","C_0805_2012Metric_Pad1.18x1.45mm_HandSolder",60.198000,-37.359500,-90.000000,bottom
"C2","100nF","C_0805_2012Metric_Pad1.18x1.45mm_HandSolder",46.736000,-2.032000,-90.000000,bottom
"C3","100nF","C_0805_2012Metric_Pad1.18x1.45mm_HandSolder",47.914000,-18.045000,90.000000,bottom
"C6","100nF","C_0805_2012Metric_Pad1.18x1.45mm_HandSolder",69.414000,-18.045000,90.000000,bottom
"C7","100nF","C_0805_2012Metric_Pad1.18x1.45mm_HandSolder",51.232000,-33.041500,90.000000,bottom
"C8","100nF","C_0805_2012Metric_Pad1.18x1.45mm_HandSolder",28.194000,-38.862000,90.000000,bottom
"C9","100nF","C_0805_2012Metric_Pad1.18x1.45mm_HandSolder",28.194000,-28.448000,-90.000000,bottom
"C10","100nF","C_0805_2012Metric_Pad1.18x1.45mm_HandSolder",76.200000,-0.254000,90.000000,bottom
"C11","100nF","C_0805_2012Metric_Pad1.18x1.45mm_HandSolder",57.404000,-4.826000,0.000000,bottom
"C12","100nF","C_0805_2012Metric_Pad1.18x1.45mm_HandSolder",60.960000,8.636000,0.000000,bottom
"D1","1N4148","D_SOD-123",69.150000,-39.880000,90.000000,bottom
"D2","1N4148","D_SOD-123",24.130000,-12.700000,0.000000,bottom
"R1","10K","R_0805_2012Metric_Pad1.20x1.40mm_HandSolder",37.084000,-9.100000,-90.000000,bottom
"R2","10K","R_0805_2012Metric_Pad1.20x1.40mm_HandSolder",58.674000,-9.906000,90.000000,bottom
"R3","100K","R_0805_2012Metric_Pad1.20x1.40mm_HandSolder",23.876000,-16.002000,180.000000,bottom
"R4","10K","R_0805_2012Metric_Pad1.20x1.40mm_HandSolder",34.290000,-34.036000,180.000000,bottom
"R5","10K","R_0805_2012Metric_Pad1.20x1.40mm_HandSolder",34.230000,-36.576000,180.000000,bottom
"R6","10K","R_0805_2012Metric_Pad1.20x1.40mm_HandSolder",34.230000,-39.116000,180.000000,bottom
"R7","10K","R_0805_2012Metric_Pad1.20x1.40mm_HandSolder",34.230000,-41.656000,180.000000,bottom
"R8","10K","R_0805_2012Metric_Pad1.20x1.40mm_HandSolder",51.232000,-38.100000,90.000000,bottom
"R9","10K","R_0805_2012Metric_Pad1.20x1.40mm_HandSolder",69.160000,-34.340000,90.000000,bottom
"R10","680R","R_0805_2012Metric_Pad1.20x1.40mm_HandSolder",22.500000,16.256000,180.000000,bottom
"U10","TXB0104DR","SOIC-14_3.9x8.7mm_P1.27mm",62.644000,1.875000,180.000000,bottom
"CN1","ZX_CONNECTOR_SOLDER","ZX_EDGE_SOLDER",42.644000,-50.125000,0.000000,top
"D3","PWR_LED","LED_D3.0mm",14.144000,10.375000,180.000000,top
"J1","PIC_Prog","PinHeader_1x05_P2.54mm_Horizontal",73.144000,-31.125000,0.000000,top
"J5","Joystick","DSUB-9_Male_Horizontal_P2.77x2.84mm_EdgePinOffset4.94mm_Housed_MountingHolesOffset7.48mm",58.644000,11.375000,180.000000,top
"SW1","SW_PUSH","SW_PUSH_6mm_H13mm",42.740000,5.375000,-90.000000,top
"SW2","SW_PUSH","SW_PUSH_6mm_H13mm",56.300000,5.375000,-90.000000,top
"SW3","Joy_ON-OFF","SPDT_ON_OFF_Big",15.394000,-0.625000,-90.000000,top
"SW4","PAUSE","SPDT_ON_OFF_Big",15.394000,-33.125000,-90.000000,top
"SW5","ROMSEL","SPDT_ON_OFF_Big",15.394000,-16.625000,-90.000000,top
"U1","PIC16F1826","SOIC-18W_7.5x11.6mm_P1.27mm",60.144000,-36.625000,0.000000,top
"U2","39SF040","PLCC-32_THT-Socket",46.644000,-23.125000,180.000000,top
"U3","39SF040","PLCC-32_THT-Socket",68.144000,-23.125000,180.000000,top
"U4","74HCT32","SOIC-14_3.9x8.7mm_P1.27mm",22.144000,-31.625000,0.000000,top
"U5","74HCT32","SOIC-14_3.9x8.7mm_P1.27mm",22.144000,-43.625000,0.000000,top
"U6","74HCT240","SO-20_12.8x7.5mm_P1.27mm",43.144000,-38.625000,0.000000,top
"U7","Arduino_Nano","Arduino_Nano",25.644000,-23.625000,180.000000,top
"U9","microSD_Card","microSD_HC_Molex_104031-0811",74.644000,1.125000,-90.000000,top
