Ref,Val,Package,PosX,PosY,Rot,Side
"C1","100nF","C_0805_2012Metric_Pad1.18x1.45mm_HandSolder",19.812000,-4.572000,-90.000000,bottom
"C2","100nF","C_0805_2012Metric_Pad1.18x1.45mm_HandSolder",64.770000,-42.672000,90.000000,bottom
"C3","100nF","C_0805_2012Metric_Pad1.18x1.45mm_HandSolder",0.000000,-29.464000,0.000000,bottom
"C4","100nF","C_0805_2012Metric_Pad1.18x1.45mm_HandSolder",11.684000,-29.210000,0.000000,bottom
"C5","100nF","C_0805_2012Metric_Pad1.18x1.45mm_HandSolder",56.388000,-35.306000,-90.000000,bottom
"C6","100nF","C_0805_2012Metric_Pad1.18x1.45mm_HandSolder",73.406000,-37.592000,90.000000,bottom
"C7","100nF","C_0805_2012Metric_Pad1.18x1.45mm_HandSolder",55.118000,16.002000,90.000000,bottom
"C8","100nF","C_0805_2012Metric_Pad1.18x1.45mm_HandSolder",55.372000,-0.254000,90.000000,bottom
"C9","100nF","C_0805_2012Metric_Pad1.18x1.45mm_HandSolder",26.924000,-30.226000,-90.000000,bottom
"C10","100nF","C_0805_2012Metric_Pad1.18x1.45mm_HandSolder",47.498000,1.778000,-90.000000,bottom
"C11","100nF","C_0805_2012Metric_Pad1.18x1.45mm_HandSolder",68.326000,14.986000,-90.000000,bottom
"C12","100nF","C_0805_2012Metric_Pad1.18x1.45mm_HandSolder",61.722000,16.002000,-90.000000,bottom
"D1","1N4148","D_SOD-123",21.336000,-19.558000,180.000000,bottom
"D2","1N4148","D_SOD-123",78.740000,-36.448000,90.000000,bottom
"R1","10K","R_0805_2012Metric_Pad1.20x1.40mm_HandSolder",14.732000,20.828000,0.000000,bottom
"R2","10K","R_0805_2012Metric_Pad1.20x1.40mm_HandSolder",73.660000,-30.226000,90.000000,bottom
"R3","100K","R_0805_2012Metric_Pad1.20x1.40mm_HandSolder",14.732000,-19.558000,180.000000,bottom
"R4","10K","R_0805_2012Metric_Pad1.20x1.40mm_HandSolder",17.526000,-32.258000,180.000000,bottom
"R5","10K","R_0805_2012Metric_Pad1.20x1.40mm_HandSolder",78.994000,-30.480000,90.000000,bottom
"R6","10K","R_0805_2012Metric_Pad1.20x1.40mm_HandSolder",17.526000,-34.798000,180.000000,bottom
"R7","10K","R_0805_2012Metric_Pad1.20x1.40mm_HandSolder",17.526000,-37.338000,180.000000,bottom
"R8","10K","R_0805_2012Metric_Pad1.20x1.40mm_HandSolder",17.526000,-40.132000,180.000000,bottom
"R9","10K","R_0805_2012Metric_Pad1.20x1.40mm_HandSolder",26.924000,-35.814000,-90.000000,bottom
"R10","10K","R_0805_2012Metric_Pad1.20x1.40mm_HandSolder",58.674000,16.002000,90.000000,bottom
"R11","470R","R_0805_2012Metric_Pad1.20x1.40mm_HandSolder",47.752000,7.874000,90.000000,bottom
"R12","680R","R_0805_2012Metric_Pad1.20x1.40mm_HandSolder",44.196000,6.350000,90.000000,bottom
"R13","680R","R_0805_2012Metric_Pad1.20x1.40mm_HandSolder",12.700000,3.302000,-90.000000,bottom
"U6","TXB0104DR","SOIC-14_3.9x8.7mm_P1.27mm",57.644000,7.875000,180.000000,bottom
"U10","mSD_Card","microSD_HC_Hirose_DM3AT-SF-PEJM5",72.144000,3.875000,-90.000000,bottom
"CN1","ZX_CONNECTOR_SOLDER","ZX_EDGE_SOLDER",42.644000,-50.125000,0.000000,top
"CN2","ZX_CONNECTOR_BACK","ZX_EDGE_BACK",45.144000,39.875000,0.000000,top
"D3","PWR_LED","LED_D3.0mm",10.144000,-2.125000,0.000000,top
"J1","PIC_Prog","PinHeader_1x05_P2.54mm_Horizontal",74.144000,-16.125000,0.000000,top
"J2","Joystick","DSUB-9_Male_Horizontal_P2.77x2.84mm_EdgePinOffset4.94mm_Housed_MountingHolesOffset7.48mm",1.062000,13.251000,-90.000000,top
"Q1","BC548","TO-92_Wide",39.644000,5.080000,-90.000000,top
"SW1","SW_PUSH","SW_PUSH_6mm_H13mm",43.644000,16.875000,-90.000000,top
"SW2","ROMSEL","SPDT_ON_OFF_Big",25.644000,27.375000,0.000000,top
"SW3","SW_PUSH","SW_PUSH_6mm_H13mm",13.644000,16.875000,-90.000000,top
"SW4","Joy_ON_OFF","SPDT_ON_OFF_Big",63.644000,27.375000,0.000000,top
"SW5","PAUSE","SPDT_ON_OFF_Big",44.644000,27.375000,0.000000,top
"U1","39SF040","PLCC-32_THT-Socket",24.644000,3.375000,180.000000,top
"U2","PIC16F1826","SOIC-18W_7.5x11.6mm_P1.27mm",64.644000,-41.625000,0.000000,top
"U3","74HCT32","SOIC-14_3.9x8.7mm_P1.27mm",8.382000,-36.068000,0.000000,top
"U4","74HCT32","SOIC-14_3.9x8.7mm_P1.27mm",-3.356000,-36.125000,0.000000,top
"U5","39SF040","PLCC-32_THT-Socket",59.644000,-27.625000,180.000000,top
"U8","Arduino_Nano","Arduino_Nano",35.644000,-18.625000,-90.000000,top
"U9","SDCard","SD_Card",66.644000,4.375000,-90.000000,top
"U11","74HCT240","SOIC-20W_7.5x12.8mm_P1.27mm",26.644000,-36.625000,0.000000,top
