Ref,Val,Package,PosX,PosY,Rot,Side
"C1","100nF","C_0805_2012Metric_Pad1.18x1.45mm_HandSolder",26.414000,8.455000,90.000000,bottom
"C2","100nF","C_0805_2012Metric_Pad1.18x1.45mm_HandSolder",65.024000,-43.434000,90.000000,bottom
"C3","100nF","C_0805_2012Metric_Pad1.18x1.45mm_HandSolder",2.286000,-30.226000,0.000000,bottom
"C4","100nF","C_0805_2012Metric_Pad1.18x1.45mm_HandSolder",12.954000,-29.464000,0.000000,bottom
"C5","100nF","C_0805_2012Metric_Pad1.18x1.45mm_HandSolder",61.414000,-24.045000,90.000000,bottom
"C6","100nF","C_0805_2012Metric_Pad1.18x1.45mm_HandSolder",73.406000,-39.624000,90.000000,bottom
"C7","100nF","C_0805_2012Metric_Pad1.18x1.45mm_HandSolder",58.420000,12.954000,90.000000,bottom
"C8","100nF","C_0805_2012Metric_Pad1.18x1.45mm_HandSolder",65.024000,12.446000,-90.000000,bottom
"C9","100nF","C_0805_2012Metric_Pad1.18x1.45mm_HandSolder",28.194000,-30.734000,-90.000000,bottom
"C10","100nF","C_0805_2012Metric_Pad1.18x1.45mm_HandSolder",47.498000,1.778000,-90.000000,bottom
"C11","100nF","C_0805_2012Metric_Pad1.18x1.45mm_HandSolder",75.692000,-5.334000,0.000000,bottom
"C12","100nF","C_0805_2012Metric_Pad1.18x1.45mm_HandSolder",55.372000,1.778000,-90.000000,bottom
"D1","1N4148","D_SOD-123",20.828000,-20.574000,180.000000,bottom
"D2","1N4148","D_SOD-123",78.740000,-39.242000,90.000000,bottom
"R1","10K","R_0805_2012Metric_Pad1.20x1.40mm_HandSolder",14.732000,20.828000,0.000000,bottom
"R2","10K","R_0805_2012Metric_Pad1.20x1.40mm_HandSolder",73.406000,-32.766000,90.000000,bottom
"R3","100K","R_0805_2012Metric_Pad1.20x1.40mm_HandSolder",15.240000,-20.574000,180.000000,bottom
"R4","10K","R_0805_2012Metric_Pad1.20x1.40mm_HandSolder",18.796000,-32.512000,180.000000,bottom
"R5","10K","R_0805_2012Metric_Pad1.20x1.40mm_HandSolder",78.740000,-33.274000,90.000000,bottom
"R6","10K","R_0805_2012Metric_Pad1.20x1.40mm_HandSolder",18.796000,-35.052000,180.000000,bottom
"R7","10K","R_0805_2012Metric_Pad1.20x1.40mm_HandSolder",18.796000,-37.592000,180.000000,bottom
"R8","10K","R_0805_2012Metric_Pad1.20x1.40mm_HandSolder",18.796000,-40.132000,180.000000,bottom
"R9","10K","R_0805_2012Metric_Pad1.20x1.40mm_HandSolder",28.194000,-36.068000,-90.000000,bottom
"R10","10K","R_0805_2012Metric_Pad1.20x1.40mm_HandSolder",61.976000,12.970000,90.000000,bottom
"R11","470R","R_0805_2012Metric_Pad1.20x1.40mm_HandSolder",47.752000,7.874000,90.000000,bottom
"R12","680R","R_0805_2012Metric_Pad1.20x1.40mm_HandSolder",44.196000,6.350000,90.000000,bottom
"R13","680R","R_0805_2012Metric_Pad1.20x1.40mm_HandSolder",12.700000,3.302000,-90.000000,bottom
"R14","10K","R_0805_2012Metric_Pad1.20x1.40mm_HandSolder",28.194000,-40.894000,-90.000000,bottom
"U6","TXB0104DR","SOIC-14_3.9x8.7mm_P1.27mm",61.279000,3.810000,180.000000,bottom
"U10","mSD_Card","microSD_HC_Molex_104031-0811",74.644000,3.875000,90.000000,bottom
"CN1","ZX_CONNECTOR_SOLDER","ZX_EDGE_SOLDER",42.644000,-50.125000,0.000000,top
"CN2","ZX_CONNECTOR_BACK","ZX_EDGE_BACK",45.144000,39.875000,0.000000,top
"D3","PWR_LED","LED_D3.0mm",10.144000,-2.125000,0.000000,top
"J1","PIC_Prog","PinHeader_1x05_P2.54mm_Horizontal",74.144000,-16.125000,0.000000,top
"J2","Joystick","DSUB-9_Male_Horizontal_P2.77x2.84mm_EdgePinOffset4.94mm_Housed_MountingHolesOffset7.48mm",1.062000,13.251000,-90.000000,top
"Q1","BC548","TO-92_Wide",39.644000,5.080000,-90.000000,top
"SW1","SW_PUSH","SW_PUSH_6mm_H13mm",43.644000,16.875000,-90.000000,top
"SW2","ROMSEL","SPDT_ON_OFF_Big",25.644000,27.375000,0.000000,top
"SW3","SW_PUSH","SW_PUSH_6mm_H13mm",13.644000,16.875000,-90.000000,top
"SW4","Joy_ON_OFF","SPDT_ON_OFF_Big",63.644000,27.375000,0.000000,top
"SW5","PAUSE","SPDT_ON_OFF_Big",44.644000,27.375000,0.000000,top
"U1","39SF040","PLCC-32_THT-Socket",25.144000,3.375000,180.000000,top
"U2","PIC16F1826","SOIC-18W_7.5x11.6mm_P1.27mm",65.024000,-42.418000,0.000000,top
"U3","74HCT32","SOIC-14_3.9x8.7mm_P1.27mm",7.644000,-36.125000,0.000000,top
"U4","74HCT32","SOIC-14_3.9x8.7mm_P1.27mm",-3.356000,-36.125000,0.000000,top
"U5","39SF040","PLCC-32_THT-Socket",60.144000,-29.125000,180.000000,top
"U8","Arduino_Nano","Arduino_Nano",35.644000,-18.625000,-90.000000,top
"U9","SDCard","SD_Card",66.644000,4.375000,-90.000000,top
"U11","74HCT240","SOIC-20W_7.5x12.8mm_P1.27mm",28.018000,-36.957000,0.000000,top
