Ref,Val,Package,PosX,PosY,Rot,Side
"C1","100nF","C_0805_2012Metric_Pad1.18x1.45mm_HandSolder",61.640000,-41.640000,-90.000000,bottom
"C2","100nF","C_0805_2012Metric_Pad1.18x1.45mm_HandSolder",11.577000,6.405900,180.000000,bottom
"C3","100nF","C_0805_2012Metric_Pad1.18x1.45mm_HandSolder",24.145000,-8.991600,180.000000,bottom
"C6","100nF","C_0805_2012Metric_Pad1.18x1.45mm_HandSolder",70.500000,-30.110000,-90.000000,bottom
"C7","100nF","C_0805_2012Metric_Pad1.18x1.45mm_HandSolder",28.040000,-33.260000,90.000000,bottom
"C8","100nF","C_0805_2012Metric_Pad1.18x1.45mm_HandSolder",4.930000,-33.340000,-90.000000,bottom
"C9","100nF","C_0805_2012Metric_Pad1.18x1.45mm_HandSolder",17.710000,-30.910000,0.000000,bottom
"C10","100nF","C_0805_2012Metric_Pad1.18x1.45mm_HandSolder",61.644000,12.875000,-90.000000,bottom
"C11","100nF","C_0805_2012Metric_Pad1.18x1.45mm_HandSolder",55.644000,-3.125000,90.000000,bottom
"C12","100nF","C_0805_2012Metric_Pad1.18x1.45mm_HandSolder",60.394000,-3.125000,-90.000000,bottom
"D1","1N4148","D_SOD-123",72.730000,-39.990000,90.000000,bottom
"D2","1N4148","D_SOD-123",3.230000,-18.430000,180.000000,bottom
"J2","MicroSD","microSD_HC_Molex_104031-0811",74.544000,5.125000,90.000000,bottom
"R1","10K","R_0805_2012Metric_Pad1.15x1.40mm_HandSolder",19.240000,15.820000,0.000000,bottom
"R2","10K","R_0805_2012Metric_Pad1.15x1.40mm_HandSolder",50.650000,-30.110000,90.000000,bottom
"R3","100K","R_0805_2012Metric_Pad1.20x1.40mm_HandSolder",-3.356000,-18.125000,90.000000,bottom
"R4","10K","R_0805_2012Metric_Pad1.20x1.40mm_HandSolder",29.630000,-43.880000,0.000000,bottom
"R5","10K","R_0805_2012Metric_Pad1.20x1.40mm_HandSolder",20.644000,-33.625000,0.000000,bottom
"R6","10K","R_0805_2012Metric_Pad1.20x1.40mm_HandSolder",20.644000,-36.225000,0.000000,bottom
"R7","10K","R_0805_2012Metric_Pad1.20x1.40mm_HandSolder",20.644000,-38.775000,0.000000,bottom
"R8","10K","R_0805_2012Metric_Pad1.20x1.40mm_HandSolder",20.644000,-41.325000,0.000000,bottom
"R9","10K","R_0805_2012Metric_Pad1.20x1.40mm_HandSolder",69.050000,-40.390000,-90.000000,bottom
"R10","680R","R_0805_2012Metric_Pad1.20x1.40mm_HandSolder",11.144000,-8.125000,0.000000,bottom
"U10","TXB0104DR","SOIC-14_3.9x8.7mm_P1.27mm",58.144000,4.875000,0.000000,bottom
"CN1","ZX_CONNECTOR_SOLDER","ZX_EDGE_SOLDER",42.644000,-50.125000,0.000000,top
"CN2","ZX_CONNECTOR_BACK","ZX_EDGE_BACK",45.144000,39.875000,0.000000,top
"D3","PWR_LED","LED_D3.0mm",10.144000,-2.125000,0.000000,top
"J1","PIC_Prog","PinHeader_1x05_P2.54mm_Horizontal",74.034000,-16.625000,0.000000,top
"J3","SD_Card1","SD_Card",66.144000,4.875000,-90.000000,top
"J5","Joystick","DSUB-9_Male_Horizontal_P2.77x2.84mm_EdgePinOffset4.94mm_Housed_MountingHolesOffset7.48mm",2.644000,11.875000,-90.000000,top
"SW1","SW_PUSH","SW_PUSH_6mm_H13mm",13.644000,16.875000,-90.000000,top
"SW2","SW_PUSH","SW_PUSH_6mm_H13mm",44.644000,16.875000,-90.000000,top
"SW3","Joy_ON-OFF","SPDT_ON_OFF_Big",25.644000,27.375000,0.000000,top
"SW4","PAUSE","SPDT_ON_OFF_Big",63.644000,27.375000,0.000000,top
"SW5","ROMSEL","SPDT_ON_OFF_Big",44.644000,27.375000,0.000000,top
"U1","PIC16F1826","SOIC-18W_7.5x11.6mm_P1.27mm",60.644000,-40.625000,0.000000,top
"U2","39SF040","PLCC-32_THT-Socket",25.644000,0.875000,180.000000,top
"U3","39SF040","PLCC-32_THT-Socket",65.644000,-21.625000,-90.000000,top
"U4","74HCT32","SOIC-14_3.9x8.7mm_P1.27mm",-0.356000,-36.125000,0.000000,top
"U5","74HCT32","SOIC-14_3.9x8.7mm_P1.27mm",11.644000,-35.875000,0.000000,top
"U7","Arduino_Nano","Arduino_Nano",35.644000,-20.625000,-90.000000,top
"U8","74HCT240","SO-20_12.8x7.5mm_P1.27mm",29.644000,-38.125000,0.000000,top
