Ref,Val,Package,PosX,PosY,Rot,Side
"C1","100nF","C_0805_2012Metric_Pad1.15x1.40mm_HandSolder",-59.625000,-41.950000,270.000000,bottom
"C2","100nF","C_0805_2012Metric_Pad1.15x1.40mm_HandSolder",-11.577000,6.405900,180.000000,bottom
"C3","100nF","C_0805_2012Metric_Pad1.15x1.40mm_HandSolder",-27.200000,5.875000,90.000000,bottom
"C6","100nF","C_0805_2012Metric_Pad1.15x1.40mm_HandSolder",-60.200000,-22.475000,270.000000,bottom
"C7","100nF","C_0805_2012Metric_Pad1.15x1.40mm_HandSolder",-28.040000,-33.260000,90.000000,bottom
"C8","100nF","C_0805_2012Metric_Pad1.15x1.40mm_HandSolder",-4.930000,-33.340000,270.000000,bottom
"C9","100nF","C_0805_2012Metric_Pad1.15x1.40mm_HandSolder",-17.710000,-30.910000,0.000000,bottom
"C10","100nF","C_0805_2012Metric_Pad1.15x1.40mm_HandSolder",-59.375000,13.050000,0.000000,bottom
"C11","100nF","C_0805_2012Metric_Pad1.15x1.40mm_HandSolder",-59.644000,-3.125000,90.000000,bottom
"C12","100nF","C_0805_2012Metric_Pad1.15x1.40mm_HandSolder",-64.394000,-3.125000,270.000000,bottom
"D1","1N4148","D_SOD-123",-72.730000,-39.990000,90.000000,bottom
"D2","1N4148","D_SOD-123",-3.230000,-18.430000,180.000000,bottom
"R1","10K","R_0805_2012Metric_Pad1.15x1.40mm_HandSolder",-19.250000,15.800000,0.000000,bottom
"R2","10K","R_0805_2012Metric_Pad1.15x1.40mm_HandSolder",-59.575000,-10.775000,180.000000,bottom
"R3","100K","R_0805_2012Metric_Pad1.15x1.40mm_HandSolder",3.356000,-18.125000,90.000000,bottom
"R4","10K","R_0805_2012Metric_Pad1.15x1.40mm_HandSolder",-29.630000,-43.880000,0.000000,bottom
"R5","10K","R_0805_2012Metric_Pad1.15x1.40mm_HandSolder",-20.644000,-33.625000,0.000000,bottom
"R6","10K","R_0805_2012Metric_Pad1.15x1.40mm_HandSolder",-20.644000,-36.225000,0.000000,bottom
"R7","10K","R_0805_2012Metric_Pad1.15x1.40mm_HandSolder",-20.644000,-38.775000,0.000000,bottom
"R8","10K","R_0805_2012Metric_Pad1.15x1.40mm_HandSolder",-20.644000,-41.325000,0.000000,bottom
"R9","10K","R_0805_2012Metric_Pad1.15x1.40mm_HandSolder",-69.050000,-40.390000,270.000000,bottom
"R10","680R","R_0805_2012Metric_Pad1.15x1.40mm_HandSolder",-11.144000,-8.125000,0.000000,bottom
"U9","mSD_Card","microSD_HC_Molex_104031-0811",-74.394000,5.125000,90.000000,bottom
"U10","TXB0104DR","SOIC-14_3.9x8.7mm_P1.27mm",-59.200000,6.000000,0.000000,bottom
"U1","PIC16F1826","SOIC-18W_7.5x11.6mm_P1.27mm",59.644000,-41.625000,0.000000,top
"U4","74HCT32","SOIC-14_3.9x8.7mm_P1.27mm",-0.356000,-36.125000,0.000000,top
"U5","74HCT32","SOIC-14_3.9x8.7mm_P1.27mm",11.644000,-36.125000,0.000000,top
"U6","SDCard","SD_Card",66.144000,4.875000,270.000000,top
"U8","74HCT240","SO-20_12.8x7.5mm_P1.27mm",29.144000,-38.125000,0.000000,top
